2.jpg,Industrial
5.jpg,AnnualCrop
12.jpg,HerbaceousVegetation
23.jpg,Highway
25.jpg,River
29.jpg,Residential
32.jpg,Highway
36.jpg,Highway
43.jpg,Highway
45.jpg,Residential
47.jpg,HerbaceousVegetation
53.jpg,Industrial
68.jpg,SeaLake
76.jpg,HerbaceousVegetation
85.jpg,Forest
86.jpg,SeaLake
89.jpg,Industrial
92.jpg,Industrial
98.jpg,HerbaceousVegetation
101.jpg,Highway
116.jpg,PermanentCrop
125.jpg,PermanentCrop
127.jpg,Pasture
128.jpg,SeaLake
129.jpg,PermanentCrop
144.jpg,Highway
145.jpg,Industrial
146.jpg,Pasture
149.jpg,River
153.jpg,HerbaceousVegetation
166.jpg,PermanentCrop
168.jpg,HerbaceousVegetation
170.jpg,PermanentCrop
171.jpg,Forest
176.jpg,HerbaceousVegetation
177.jpg,AnnualCrop
180.jpg,Forest
185.jpg,HerbaceousVegetation
190.jpg,Forest
191.jpg,Pasture
199.jpg,River
209.jpg,Forest
215.jpg,Forest
218.jpg,Residential
224.jpg,Pasture
228.jpg,Industrial
235.jpg,Pasture
238.jpg,PermanentCrop
239.jpg,HerbaceousVegetation
245.jpg,HerbaceousVegetation
247.jpg,SeaLake
252.jpg,Highway
255.jpg,AnnualCrop
258.jpg,River
261.jpg,HerbaceousVegetation
262.jpg,PermanentCrop
266.jpg,PermanentCrop
267.jpg,Residential
279.jpg,River
285.jpg,AnnualCrop
288.jpg,Residential
305.jpg,Industrial
308.jpg,AnnualCrop
313.jpg,Forest
315.jpg,HerbaceousVegetation
320.jpg,SeaLake
324.jpg,SeaLake
332.jpg,River
335.jpg,SeaLake
336.jpg,HerbaceousVegetation
337.jpg,River
339.jpg,Pasture
341.jpg,AnnualCrop
347.jpg,HerbaceousVegetation
350.jpg,HerbaceousVegetation
351.jpg,Forest
356.jpg,AnnualCrop
361.jpg,Residential
362.jpg,PermanentCrop
379.jpg,Forest
393.jpg,River
395.jpg,Industrial
397.jpg,Forest
399.jpg,Pasture
400.jpg,HerbaceousVegetation
409.jpg,HerbaceousVegetation
413.jpg,PermanentCrop
414.jpg,Highway
424.jpg,PermanentCrop
426.jpg,SeaLake
447.jpg,Pasture
451.jpg,SeaLake
454.jpg,SeaLake
456.jpg,River
466.jpg,Highway
467.jpg,AnnualCrop
474.jpg,Pasture
479.jpg,HerbaceousVegetation
487.jpg,PermanentCrop
490.jpg,Industrial
492.jpg,PermanentCrop
494.jpg,Pasture
495.jpg,Industrial
496.jpg,Highway
497.jpg,Forest
502.jpg,Forest
511.jpg,HerbaceousVegetation
513.jpg,SeaLake
514.jpg,PermanentCrop
516.jpg,Forest
520.jpg,AnnualCrop
521.jpg,Forest
530.jpg,HerbaceousVegetation
536.jpg,Highway
537.jpg,HerbaceousVegetation
541.jpg,River
543.jpg,Highway
546.jpg,Pasture
557.jpg,PermanentCrop
559.jpg,River
561.jpg,Residential
571.jpg,HerbaceousVegetation
577.jpg,AnnualCrop
580.jpg,Industrial
584.jpg,HerbaceousVegetation
586.jpg,Pasture
590.jpg,AnnualCrop
592.jpg,Highway
597.jpg,Pasture
611.jpg,Highway
615.jpg,Highway
625.jpg,AnnualCrop
631.jpg,SeaLake
636.jpg,Forest
647.jpg,Pasture
650.jpg,PermanentCrop
653.jpg,Highway
657.jpg,Residential
658.jpg,AnnualCrop
660.jpg,Industrial
691.jpg,Residential
696.jpg,SeaLake
697.jpg,Residential
698.jpg,AnnualCrop
699.jpg,AnnualCrop
703.jpg,AnnualCrop
719.jpg,Residential
730.jpg,PermanentCrop
733.jpg,Industrial
739.jpg,Residential
741.jpg,AnnualCrop
742.jpg,SeaLake
749.jpg,Highway
751.jpg,Pasture
757.jpg,HerbaceousVegetation
764.jpg,SeaLake
768.jpg,SeaLake
773.jpg,Forest
774.jpg,SeaLake
776.jpg,PermanentCrop
784.jpg,PermanentCrop
785.jpg,PermanentCrop
794.jpg,Pasture
799.jpg,SeaLake
805.jpg,Residential
807.jpg,River
811.jpg,Pasture
814.jpg,Residential
815.jpg,SeaLake
824.jpg,AnnualCrop
826.jpg,Forest
828.jpg,AnnualCrop
836.jpg,River
843.jpg,HerbaceousVegetation
862.jpg,AnnualCrop
863.jpg,SeaLake
866.jpg,Forest
874.jpg,Pasture
880.jpg,Residential
889.jpg,Pasture
890.jpg,HerbaceousVegetation
891.jpg,Highway
902.jpg,Forest
907.jpg,PermanentCrop
908.jpg,PermanentCrop
909.jpg,Residential
910.jpg,Highway
917.jpg,PermanentCrop
925.jpg,Industrial
928.jpg,HerbaceousVegetation
930.jpg,Pasture
931.jpg,HerbaceousVegetation
935.jpg,Forest
938.jpg,Forest
940.jpg,River
946.jpg,AnnualCrop
949.jpg,River
952.jpg,Residential
962.jpg,SeaLake
963.jpg,Industrial
981.jpg,HerbaceousVegetation
989.jpg,Highway
992.jpg,Highway
1001.jpg,HerbaceousVegetation
1002.jpg,Residential
1008.jpg,HerbaceousVegetation
1034.jpg,HerbaceousVegetation
1042.jpg,AnnualCrop
1046.jpg,PermanentCrop
1049.jpg,AnnualCrop
1056.jpg,PermanentCrop
1066.jpg,Pasture
1075.jpg,AnnualCrop
1080.jpg,SeaLake
1081.jpg,Pasture
1087.jpg,Highway
1090.jpg,River
1094.jpg,AnnualCrop
1096.jpg,Forest
1097.jpg,SeaLake
1101.jpg,River
1106.jpg,Pasture
1110.jpg,Industrial
1111.jpg,Residential
1112.jpg,SeaLake
1115.jpg,PermanentCrop
1119.jpg,Forest
1122.jpg,HerbaceousVegetation
1132.jpg,Residential
1133.jpg,River
1135.jpg,HerbaceousVegetation
1142.jpg,PermanentCrop
1144.jpg,SeaLake
1148.jpg,AnnualCrop
1149.jpg,Industrial
1150.jpg,Forest
1151.jpg,HerbaceousVegetation
1153.jpg,SeaLake
1154.jpg,AnnualCrop
1156.jpg,Pasture
1160.jpg,Highway
1162.jpg,AnnualCrop
1173.jpg,River
1184.jpg,River
1186.jpg,Forest
1193.jpg,SeaLake
1219.jpg,Highway
1223.jpg,Highway
1235.jpg,Industrial
1246.jpg,HerbaceousVegetation
1248.jpg,Forest
1261.jpg,AnnualCrop
1264.jpg,HerbaceousVegetation
1266.jpg,AnnualCrop
1271.jpg,PermanentCrop
1273.jpg,SeaLake
1275.jpg,Forest
1276.jpg,HerbaceousVegetation
1285.jpg,River
1303.jpg,Residential
1304.jpg,Forest
1307.jpg,Forest
1308.jpg,HerbaceousVegetation
1330.jpg,Residential
1335.jpg,HerbaceousVegetation
1337.jpg,AnnualCrop
1344.jpg,Forest
1350.jpg,Highway
1351.jpg,Highway
1361.jpg,AnnualCrop
1364.jpg,PermanentCrop
1368.jpg,HerbaceousVegetation
1369.jpg,HerbaceousVegetation
1372.jpg,Highway
1375.jpg,AnnualCrop
1380.jpg,Pasture
1390.jpg,HerbaceousVegetation
1391.jpg,HerbaceousVegetation
1397.jpg,Industrial
1404.jpg,Highway
1405.jpg,AnnualCrop
1411.jpg,PermanentCrop
1412.jpg,SeaLake
1417.jpg,SeaLake
1419.jpg,PermanentCrop
1420.jpg,Forest
1422.jpg,Industrial
1433.jpg,Industrial
1436.jpg,River
1438.jpg,Industrial
1440.jpg,Highway
1441.jpg,River
1443.jpg,Industrial
1445.jpg,PermanentCrop
1447.jpg,River
1451.jpg,Forest
1452.jpg,HerbaceousVegetation
1453.jpg,Residential
1461.jpg,Industrial
1479.jpg,Forest
1487.jpg,River
1490.jpg,PermanentCrop
1499.jpg,SeaLake
1500.jpg,PermanentCrop
1502.jpg,Industrial
1503.jpg,Forest
1504.jpg,AnnualCrop
1522.jpg,HerbaceousVegetation
1531.jpg,Forest
1532.jpg,SeaLake
1536.jpg,AnnualCrop
1540.jpg,Highway
1543.jpg,Residential
1546.jpg,Pasture
1551.jpg,PermanentCrop
1564.jpg,Residential
1566.jpg,PermanentCrop
1569.jpg,HerbaceousVegetation
1574.jpg,AnnualCrop
1579.jpg,Pasture
1581.jpg,SeaLake
1590.jpg,HerbaceousVegetation
1595.jpg,AnnualCrop
1596.jpg,AnnualCrop
1597.jpg,SeaLake
1600.jpg,SeaLake
1605.jpg,Forest
1606.jpg,Industrial
1611.jpg,Forest
1618.jpg,Residential
1619.jpg,Forest
1625.jpg,AnnualCrop
1635.jpg,SeaLake
1646.jpg,Pasture
1668.jpg,Industrial
1670.jpg,Residential
1672.jpg,Industrial
1678.jpg,SeaLake
1692.jpg,HerbaceousVegetation
1693.jpg,Pasture
1695.jpg,PermanentCrop
1697.jpg,HerbaceousVegetation
1701.jpg,Forest
1710.jpg,Residential
1711.jpg,Residential
1719.jpg,Forest
1722.jpg,Industrial
1724.jpg,SeaLake
1731.jpg,SeaLake
1733.jpg,HerbaceousVegetation
1739.jpg,SeaLake
1757.jpg,Highway
1760.jpg,Forest
1762.jpg,Forest
1766.jpg,SeaLake
1784.jpg,Pasture
1787.jpg,HerbaceousVegetation
1789.jpg,AnnualCrop
1790.jpg,Industrial
1792.jpg,HerbaceousVegetation
1800.jpg,HerbaceousVegetation
1803.jpg,Industrial
1812.jpg,Forest
1818.jpg,PermanentCrop
1820.jpg,HerbaceousVegetation
1823.jpg,PermanentCrop
1825.jpg,Pasture
1830.jpg,HerbaceousVegetation
1834.jpg,Highway
1836.jpg,Highway
1840.jpg,Highway
1844.jpg,AnnualCrop
1846.jpg,PermanentCrop
1861.jpg,River
1863.jpg,HerbaceousVegetation
1864.jpg,River
1876.jpg,AnnualCrop
1886.jpg,Forest
1893.jpg,AnnualCrop
1898.jpg,HerbaceousVegetation
1903.jpg,Highway
1910.jpg,AnnualCrop
1931.jpg,HerbaceousVegetation
1936.jpg,AnnualCrop
1941.jpg,HerbaceousVegetation
1962.jpg,Residential
1981.jpg,PermanentCrop
1993.jpg,Highway
1996.jpg,SeaLake
1999.jpg,Forest
2016.jpg,Pasture
2019.jpg,PermanentCrop
2021.jpg,AnnualCrop
2027.jpg,Forest
2028.jpg,SeaLake
2029.jpg,AnnualCrop
2039.jpg,Pasture
2040.jpg,AnnualCrop
2043.jpg,SeaLake
2044.jpg,Pasture
2049.jpg,AnnualCrop
2055.jpg,AnnualCrop
2056.jpg,HerbaceousVegetation
2062.jpg,HerbaceousVegetation
2069.jpg,River
2072.jpg,PermanentCrop
2074.jpg,Forest
2086.jpg,Industrial
2090.jpg,HerbaceousVegetation
2091.jpg,River
2095.jpg,River
2102.jpg,HerbaceousVegetation
2111.jpg,AnnualCrop
2121.jpg,Industrial
2133.jpg,Industrial
2136.jpg,AnnualCrop
2148.jpg,Highway
2150.jpg,Residential
2164.jpg,HerbaceousVegetation
2169.jpg,Forest
2171.jpg,SeaLake
2179.jpg,Highway
2183.jpg,Residential
2191.jpg,AnnualCrop
2193.jpg,HerbaceousVegetation
2200.jpg,Highway
2205.jpg,Residential
2211.jpg,Forest
2219.jpg,Industrial
2222.jpg,Forest
2239.jpg,Residential
2241.jpg,SeaLake
2250.jpg,HerbaceousVegetation
2251.jpg,SeaLake
2257.jpg,Highway
2260.jpg,Residential
2265.jpg,HerbaceousVegetation
2266.jpg,Industrial
2271.jpg,Residential
2274.jpg,HerbaceousVegetation
2275.jpg,Residential
2277.jpg,River
2296.jpg,Residential
2297.jpg,River
2300.jpg,Forest
2305.jpg,AnnualCrop
2315.jpg,AnnualCrop
2317.jpg,HerbaceousVegetation
2327.jpg,River
2332.jpg,HerbaceousVegetation
2340.jpg,SeaLake
2347.jpg,SeaLake
2348.jpg,Highway
2353.jpg,HerbaceousVegetation
2357.jpg,HerbaceousVegetation
2383.jpg,Industrial
2387.jpg,Pasture
2388.jpg,Pasture
2392.jpg,River
2393.jpg,HerbaceousVegetation
2396.jpg,HerbaceousVegetation
2408.jpg,River
2409.jpg,Pasture
2411.jpg,Pasture
2413.jpg,HerbaceousVegetation
2433.jpg,Industrial
2449.jpg,AnnualCrop
2455.jpg,PermanentCrop
2456.jpg,PermanentCrop
2457.jpg,Forest
2458.jpg,PermanentCrop
2460.jpg,SeaLake
2463.jpg,Residential
2464.jpg,Industrial
2478.jpg,HerbaceousVegetation
2483.jpg,HerbaceousVegetation
2489.jpg,Residential
2497.jpg,HerbaceousVegetation
2500.jpg,Forest
2508.jpg,Industrial
2509.jpg,Highway
2512.jpg,PermanentCrop
2515.jpg,PermanentCrop
2521.jpg,Highway
2524.jpg,Highway
2525.jpg,Highway
2567.jpg,SeaLake
2568.jpg,PermanentCrop
2573.jpg,AnnualCrop
2578.jpg,HerbaceousVegetation
2585.jpg,HerbaceousVegetation
2590.jpg,PermanentCrop
2591.jpg,Industrial
2601.jpg,AnnualCrop
2602.jpg,River
2611.jpg,HerbaceousVegetation
2618.jpg,SeaLake
2635.jpg,SeaLake
2654.jpg,River
2670.jpg,PermanentCrop
2678.jpg,Highway
2696.jpg,Highway
2697.jpg,HerbaceousVegetation
2699.jpg,Residential
2700.jpg,AnnualCrop
2708.jpg,River
2714.jpg,HerbaceousVegetation
2716.jpg,AnnualCrop
2718.jpg,River
2721.jpg,PermanentCrop
2737.jpg,River
2744.jpg,Residential
2753.jpg,River
2755.jpg,AnnualCrop
2757.jpg,Residential
2763.jpg,Residential
2764.jpg,SeaLake
2765.jpg,HerbaceousVegetation
2777.jpg,River
2781.jpg,AnnualCrop
2783.jpg,Pasture
2785.jpg,HerbaceousVegetation
2792.jpg,Industrial
2793.jpg,Residential
2798.jpg,HerbaceousVegetation
2800.jpg,River
2801.jpg,Forest
2803.jpg,AnnualCrop
2806.jpg,Residential
2807.jpg,River
2815.jpg,Industrial
2817.jpg,SeaLake
2819.jpg,Pasture
2828.jpg,PermanentCrop
2832.jpg,Pasture
2843.jpg,PermanentCrop
2863.jpg,SeaLake
2867.jpg,AnnualCrop
2871.jpg,SeaLake
2873.jpg,River
2875.jpg,PermanentCrop
2876.jpg,PermanentCrop
2878.jpg,HerbaceousVegetation
2882.jpg,AnnualCrop
2894.jpg,Pasture
2895.jpg,Pasture
2896.jpg,AnnualCrop
2898.jpg,Highway
2900.jpg,Pasture
2906.jpg,Industrial
2909.jpg,Pasture
2925.jpg,PermanentCrop
2929.jpg,AnnualCrop
2931.jpg,Highway
2935.jpg,River
2937.jpg,Forest
2952.jpg,Pasture
2953.jpg,PermanentCrop
2965.jpg,PermanentCrop
2966.jpg,AnnualCrop
2971.jpg,Residential
2975.jpg,SeaLake
2978.jpg,Pasture
2979.jpg,PermanentCrop
2984.jpg,Pasture
2988.jpg,Industrial
2990.jpg,SeaLake
2996.jpg,Pasture
3005.jpg,Forest
3007.jpg,PermanentCrop
3009.jpg,PermanentCrop
3013.jpg,Pasture
3014.jpg,Highway
3017.jpg,HerbaceousVegetation
3020.jpg,PermanentCrop
3022.jpg,Pasture
3024.jpg,Pasture
3028.jpg,HerbaceousVegetation
3036.jpg,PermanentCrop
3038.jpg,River
3050.jpg,Residential
3051.jpg,Residential
3052.jpg,HerbaceousVegetation
3054.jpg,Forest
3055.jpg,Industrial
3056.jpg,PermanentCrop
3065.jpg,SeaLake
3068.jpg,Pasture
3073.jpg,Highway
3074.jpg,Forest
3078.jpg,PermanentCrop
3081.jpg,Highway
3082.jpg,AnnualCrop
3088.jpg,Forest
3092.jpg,River
3101.jpg,AnnualCrop
3103.jpg,Pasture
3123.jpg,Highway
3125.jpg,Highway
3127.jpg,Highway
3134.jpg,Highway
3146.jpg,HerbaceousVegetation
3148.jpg,AnnualCrop
3151.jpg,HerbaceousVegetation
3156.jpg,Highway
3160.jpg,Industrial
3166.jpg,Pasture
3168.jpg,HerbaceousVegetation
3179.jpg,Residential
3180.jpg,PermanentCrop
3181.jpg,Forest
3184.jpg,PermanentCrop
3188.jpg,AnnualCrop
3191.jpg,HerbaceousVegetation
3195.jpg,Forest
3201.jpg,Industrial
3205.jpg,Pasture
3209.jpg,HerbaceousVegetation
3213.jpg,PermanentCrop
3218.jpg,PermanentCrop
3222.jpg,Pasture
3223.jpg,Residential
3229.jpg,Residential
3232.jpg,Highway
3242.jpg,Highway
3243.jpg,Residential
3252.jpg,AnnualCrop
3256.jpg,HerbaceousVegetation
3258.jpg,HerbaceousVegetation
3260.jpg,Industrial
3265.jpg,Residential
3267.jpg,PermanentCrop
3272.jpg,SeaLake
3273.jpg,HerbaceousVegetation
3279.jpg,SeaLake
3283.jpg,Industrial
3284.jpg,AnnualCrop
3290.jpg,Industrial
3294.jpg,Residential
3295.jpg,SeaLake
3302.jpg,River
3303.jpg,River
3306.jpg,River
3310.jpg,Residential
3314.jpg,Forest
3322.jpg,Pasture
3327.jpg,Residential
3329.jpg,PermanentCrop
3333.jpg,Industrial
3339.jpg,Highway
3350.jpg,Pasture
3355.jpg,Forest
3359.jpg,Highway
3360.jpg,River
3369.jpg,Pasture
3374.jpg,Industrial
3375.jpg,Highway
3376.jpg,AnnualCrop
3377.jpg,HerbaceousVegetation
3378.jpg,Industrial
3380.jpg,SeaLake
3396.jpg,HerbaceousVegetation
3399.jpg,AnnualCrop
3402.jpg,Highway
3406.jpg,AnnualCrop
3407.jpg,Forest
3410.jpg,Residential
3431.jpg,Pasture
3447.jpg,SeaLake
3457.jpg,HerbaceousVegetation
3465.jpg,AnnualCrop
3466.jpg,SeaLake
3469.jpg,Industrial
3476.jpg,AnnualCrop
3490.jpg,Pasture
3491.jpg,Forest
3492.jpg,Residential
3494.jpg,SeaLake
3499.jpg,Pasture
3508.jpg,HerbaceousVegetation
3513.jpg,Highway
3516.jpg,Industrial
3519.jpg,Highway
3521.jpg,Residential
3522.jpg,Pasture
3524.jpg,PermanentCrop
3526.jpg,SeaLake
3527.jpg,PermanentCrop
3534.jpg,AnnualCrop
3539.jpg,Pasture
3540.jpg,PermanentCrop
3545.jpg,AnnualCrop
3546.jpg,HerbaceousVegetation
3551.jpg,HerbaceousVegetation
3553.jpg,Highway
3554.jpg,SeaLake
3559.jpg,Forest
3574.jpg,Forest
3580.jpg,Industrial
3588.jpg,AnnualCrop
3591.jpg,HerbaceousVegetation
3594.jpg,Highway
3602.jpg,Forest
3606.jpg,Residential
3619.jpg,River
3627.jpg,PermanentCrop
3628.jpg,SeaLake
3634.jpg,HerbaceousVegetation
3640.jpg,HerbaceousVegetation
3641.jpg,Pasture
3642.jpg,HerbaceousVegetation
3644.jpg,Residential
3650.jpg,River
3651.jpg,PermanentCrop
3657.jpg,Residential
3661.jpg,Highway
3667.jpg,River
3672.jpg,Industrial
3690.jpg,Forest
3694.jpg,Highway
3699.jpg,Highway
3706.jpg,Residential
3714.jpg,HerbaceousVegetation
3718.jpg,AnnualCrop
3735.jpg,PermanentCrop
3737.jpg,Highway
3742.jpg,Forest
3743.jpg,Industrial
3745.jpg,Pasture
3746.jpg,SeaLake
3749.jpg,River
3755.jpg,AnnualCrop
3764.jpg,River
3765.jpg,HerbaceousVegetation
3769.jpg,AnnualCrop
3771.jpg,AnnualCrop
3772.jpg,PermanentCrop
3781.jpg,Highway
3782.jpg,Highway
3784.jpg,Highway
3785.jpg,Highway
3788.jpg,Residential
3793.jpg,Industrial
3805.jpg,SeaLake
3809.jpg,AnnualCrop
3812.jpg,HerbaceousVegetation
3816.jpg,AnnualCrop
3820.jpg,HerbaceousVegetation
3830.jpg,HerbaceousVegetation
3838.jpg,Industrial
3839.jpg,SeaLake
3854.jpg,PermanentCrop
3856.jpg,Forest
3859.jpg,Pasture
3860.jpg,SeaLake
3861.jpg,Highway
3865.jpg,Pasture
3871.jpg,Pasture
3873.jpg,River
3880.jpg,Highway
3881.jpg,HerbaceousVegetation
3883.jpg,SeaLake
3885.jpg,River
3886.jpg,River
3890.jpg,Pasture
3892.jpg,Industrial
3894.jpg,SeaLake
3904.jpg,River
3907.jpg,SeaLake
3909.jpg,Industrial
3911.jpg,HerbaceousVegetation
3913.jpg,HerbaceousVegetation
3914.jpg,SeaLake
3916.jpg,Pasture
3917.jpg,Residential
3920.jpg,Residential
3921.jpg,SeaLake
3923.jpg,Pasture
3925.jpg,Industrial
3927.jpg,HerbaceousVegetation
3930.jpg,Forest
3933.jpg,HerbaceousVegetation
3934.jpg,SeaLake
3936.jpg,HerbaceousVegetation
3940.jpg,HerbaceousVegetation
3947.jpg,PermanentCrop
3949.jpg,Pasture
3950.jpg,AnnualCrop
3954.jpg,HerbaceousVegetation
3964.jpg,Residential
3968.jpg,AnnualCrop
3971.jpg,Highway
3995.jpg,PermanentCrop
4007.jpg,Pasture
4009.jpg,Residential
4011.jpg,River
4017.jpg,SeaLake
4018.jpg,Forest
4019.jpg,HerbaceousVegetation
4021.jpg,Highway
4024.jpg,AnnualCrop
4025.jpg,SeaLake
4030.jpg,HerbaceousVegetation
4038.jpg,SeaLake
4039.jpg,Forest
4045.jpg,Industrial
4049.jpg,SeaLake
4053.jpg,Industrial
4065.jpg,Pasture
4070.jpg,Industrial
4076.jpg,PermanentCrop
4089.jpg,HerbaceousVegetation
4091.jpg,Highway
4121.jpg,PermanentCrop
4124.jpg,SeaLake
4134.jpg,HerbaceousVegetation
4136.jpg,SeaLake
4148.jpg,Industrial
4151.jpg,Highway
4153.jpg,Residential
4154.jpg,HerbaceousVegetation
4158.jpg,River
4168.jpg,Highway
4172.jpg,Highway
4173.jpg,River
4178.jpg,AnnualCrop
4184.jpg,Pasture
4197.jpg,HerbaceousVegetation
4204.jpg,Residential
4208.jpg,Highway
4212.jpg,River
4221.jpg,Industrial
4232.jpg,Forest
4238.jpg,PermanentCrop
4258.jpg,River
4275.jpg,SeaLake
4287.jpg,HerbaceousVegetation
4292.jpg,Forest
4293.jpg,Highway
4297.jpg,Residential
4301.jpg,Industrial
4304.jpg,HerbaceousVegetation
4309.jpg,Industrial
4310.jpg,Residential
4312.jpg,Pasture
4315.jpg,Residential
4316.jpg,SeaLake
4318.jpg,River
4323.jpg,Pasture
4328.jpg,Residential
4331.jpg,SeaLake
4341.jpg,SeaLake
4355.jpg,SeaLake
4362.jpg,Residential
4365.jpg,SeaLake
4373.jpg,PermanentCrop
4389.jpg,Residential
4394.jpg,Forest
4398.jpg,River
4409.jpg,SeaLake
4416.jpg,Highway
4417.jpg,PermanentCrop
4418.jpg,Highway
4423.jpg,Industrial
4424.jpg,HerbaceousVegetation
4426.jpg,PermanentCrop
4430.jpg,River
4433.jpg,Highway
4435.jpg,SeaLake
4441.jpg,Highway
4442.jpg,PermanentCrop
4445.jpg,HerbaceousVegetation
4446.jpg,Residential
4449.jpg,Highway
4450.jpg,River
4453.jpg,HerbaceousVegetation
4460.jpg,AnnualCrop
4461.jpg,Industrial
4470.jpg,SeaLake
4475.jpg,HerbaceousVegetation
4485.jpg,Highway
4489.jpg,SeaLake
4496.jpg,Highway
4499.jpg,Pasture
4502.jpg,HerbaceousVegetation
4504.jpg,Highway
4521.jpg,Residential
4532.jpg,River
4534.jpg,Residential
4542.jpg,HerbaceousVegetation
4544.jpg,River
4555.jpg,Forest
4560.jpg,SeaLake
4562.jpg,HerbaceousVegetation
4563.jpg,Forest
4567.jpg,River
4568.jpg,Pasture
4575.jpg,PermanentCrop
4584.jpg,PermanentCrop
4594.jpg,Residential
4596.jpg,Forest
4599.jpg,Pasture
4610.jpg,HerbaceousVegetation
4611.jpg,HerbaceousVegetation
4616.jpg,Residential
4619.jpg,PermanentCrop
4624.jpg,Highway
4634.jpg,River
4643.jpg,Highway
4654.jpg,Pasture
4664.jpg,River
4665.jpg,Industrial
4666.jpg,HerbaceousVegetation
4674.jpg,Industrial
4678.jpg,Highway
4680.jpg,PermanentCrop
4682.jpg,Residential
4685.jpg,Residential
4686.jpg,SeaLake
4688.jpg,Forest
4696.jpg,AnnualCrop
4708.jpg,Industrial
4709.jpg,SeaLake
4716.jpg,River
4729.jpg,PermanentCrop
4730.jpg,Residential
4731.jpg,PermanentCrop
4738.jpg,PermanentCrop
4744.jpg,Forest
4745.jpg,Pasture
4751.jpg,HerbaceousVegetation
4757.jpg,Pasture
4761.jpg,Industrial
4764.jpg,PermanentCrop
4779.jpg,Forest
4785.jpg,Industrial
4788.jpg,River
4790.jpg,Forest
4806.jpg,Residential
4807.jpg,SeaLake
4820.jpg,HerbaceousVegetation
4824.jpg,Industrial
4825.jpg,River
4830.jpg,Highway
4837.jpg,HerbaceousVegetation
4843.jpg,Residential
4846.jpg,HerbaceousVegetation
4853.jpg,Residential
4858.jpg,Residential
4861.jpg,Highway
4862.jpg,Pasture
4863.jpg,SeaLake
4864.jpg,AnnualCrop
4865.jpg,Residential
4867.jpg,PermanentCrop
4875.jpg,SeaLake
4878.jpg,Forest
4889.jpg,Forest
4893.jpg,HerbaceousVegetation
4896.jpg,Highway
4898.jpg,Highway
4899.jpg,SeaLake
4904.jpg,PermanentCrop
4907.jpg,Forest
4909.jpg,PermanentCrop
4915.jpg,River
4916.jpg,Pasture
4917.jpg,Highway
4928.jpg,HerbaceousVegetation
4932.jpg,AnnualCrop
4938.jpg,PermanentCrop
4940.jpg,Highway
4942.jpg,Forest
4943.jpg,PermanentCrop
4962.jpg,Industrial
4977.jpg,AnnualCrop
4979.jpg,Residential
4982.jpg,Highway
4986.jpg,River
4994.jpg,HerbaceousVegetation
4995.jpg,HerbaceousVegetation
4998.jpg,Residential
5001.jpg,AnnualCrop
5004.jpg,Highway
5011.jpg,HerbaceousVegetation
5013.jpg,HerbaceousVegetation
5016.jpg,River
5017.jpg,HerbaceousVegetation
5020.jpg,Pasture
5022.jpg,AnnualCrop
5045.jpg,River
5050.jpg,HerbaceousVegetation
5053.jpg,Residential
5054.jpg,HerbaceousVegetation
5060.jpg,SeaLake
5066.jpg,HerbaceousVegetation
5068.jpg,Pasture
5071.jpg,Highway
5073.jpg,Industrial
5086.jpg,Industrial
5089.jpg,Highway
5094.jpg,Pasture
5098.jpg,HerbaceousVegetation
5101.jpg,HerbaceousVegetation
5109.jpg,Industrial
5111.jpg,Forest
5112.jpg,Forest
5113.jpg,Forest
5115.jpg,PermanentCrop
5116.jpg,Residential
5120.jpg,Forest
5123.jpg,Pasture
5136.jpg,PermanentCrop
5137.jpg,Residential
5139.jpg,HerbaceousVegetation
5140.jpg,HerbaceousVegetation
5142.jpg,Highway
5146.jpg,Residential
5162.jpg,SeaLake
5164.jpg,Pasture
5167.jpg,Residential
5171.jpg,SeaLake
5182.jpg,River
5185.jpg,HerbaceousVegetation
5189.jpg,PermanentCrop
5192.jpg,Highway
5193.jpg,Forest
5195.jpg,Forest
5201.jpg,Pasture
5202.jpg,Residential
5205.jpg,HerbaceousVegetation
5206.jpg,Residential
5215.jpg,Industrial
5220.jpg,Highway
5225.jpg,Industrial
5229.jpg,HerbaceousVegetation
5233.jpg,PermanentCrop
5245.jpg,HerbaceousVegetation
5247.jpg,Pasture
5248.jpg,Highway
5252.jpg,SeaLake
5255.jpg,AnnualCrop
5257.jpg,Forest
5259.jpg,Forest
5282.jpg,River
5283.jpg,Industrial
5293.jpg,Industrial
5300.jpg,AnnualCrop
5304.jpg,Industrial
5305.jpg,HerbaceousVegetation
5310.jpg,SeaLake
5316.jpg,AnnualCrop
5320.jpg,AnnualCrop
5321.jpg,Highway
5327.jpg,Pasture
5328.jpg,Highway
5332.jpg,HerbaceousVegetation
5333.jpg,SeaLake
5344.jpg,Residential
5348.jpg,HerbaceousVegetation
5352.jpg,AnnualCrop
5353.jpg,River
5361.jpg,Pasture
5380.jpg,Highway
5381.jpg,Industrial
5383.jpg,HerbaceousVegetation
5384.jpg,AnnualCrop
5395.jpg,Pasture
5402.jpg,River
5403.jpg,PermanentCrop
5406.jpg,Residential
5407.jpg,River
5416.jpg,PermanentCrop
5418.jpg,Highway
5427.jpg,AnnualCrop
5432.jpg,HerbaceousVegetation
5438.jpg,AnnualCrop
5442.jpg,HerbaceousVegetation
5452.jpg,Forest
5463.jpg,Industrial
5465.jpg,HerbaceousVegetation
5472.jpg,Pasture
5474.jpg,Industrial
5478.jpg,Industrial
5482.jpg,HerbaceousVegetation
5483.jpg,Forest
5484.jpg,HerbaceousVegetation
5488.jpg,Forest
5494.jpg,SeaLake
5499.jpg,SeaLake
5511.jpg,PermanentCrop
5516.jpg,Residential
5525.jpg,PermanentCrop
5527.jpg,Residential
5529.jpg,Pasture
5532.jpg,Industrial
5546.jpg,PermanentCrop
5548.jpg,PermanentCrop
5560.jpg,HerbaceousVegetation
5568.jpg,Residential
5572.jpg,Residential
5585.jpg,Residential
5587.jpg,SeaLake
5603.jpg,PermanentCrop
5611.jpg,River
5614.jpg,Residential
5632.jpg,AnnualCrop
5634.jpg,Highway
5636.jpg,Industrial
5651.jpg,HerbaceousVegetation
5652.jpg,Pasture
5660.jpg,Forest
5663.jpg,Residential
5666.jpg,River
5667.jpg,River
5671.jpg,Residential
5679.jpg,Residential
5681.jpg,River
5685.jpg,AnnualCrop
5688.jpg,HerbaceousVegetation
5689.jpg,Forest
5693.jpg,Pasture
5702.jpg,AnnualCrop
5706.jpg,PermanentCrop
5707.jpg,HerbaceousVegetation
5709.jpg,PermanentCrop
5710.jpg,HerbaceousVegetation
5712.jpg,Industrial
5722.jpg,Industrial
5727.jpg,HerbaceousVegetation
5728.jpg,HerbaceousVegetation
5729.jpg,Highway
5731.jpg,Highway
5732.jpg,HerbaceousVegetation
5741.jpg,HerbaceousVegetation
5742.jpg,Forest
5744.jpg,AnnualCrop
5750.jpg,SeaLake
5754.jpg,River
5756.jpg,PermanentCrop
5763.jpg,Residential
5764.jpg,Industrial
5766.jpg,AnnualCrop
5767.jpg,Forest
5784.jpg,Residential
5795.jpg,Pasture
5806.jpg,Forest
5813.jpg,Industrial
5817.jpg,Residential
5823.jpg,Forest
5829.jpg,Pasture
5841.jpg,Residential
5842.jpg,AnnualCrop
5843.jpg,Highway
5848.jpg,Forest
5857.jpg,Residential
5862.jpg,HerbaceousVegetation
5863.jpg,Residential
5864.jpg,AnnualCrop
5866.jpg,HerbaceousVegetation
5872.jpg,Residential
5875.jpg,Highway
5878.jpg,Residential
5879.jpg,Pasture
5880.jpg,PermanentCrop
5883.jpg,Industrial
5888.jpg,HerbaceousVegetation
5893.jpg,Residential
5895.jpg,Forest
5896.jpg,Pasture
5899.jpg,HerbaceousVegetation
5903.jpg,SeaLake
5905.jpg,Highway
5909.jpg,AnnualCrop
5910.jpg,Forest
5919.jpg,SeaLake
5923.jpg,Highway
5924.jpg,Industrial
5929.jpg,HerbaceousVegetation
5936.jpg,SeaLake
5943.jpg,Highway
5944.jpg,Residential
5945.jpg,Residential
5955.jpg,Pasture
5968.jpg,HerbaceousVegetation
5979.jpg,PermanentCrop
5983.jpg,Industrial
5986.jpg,HerbaceousVegetation
5988.jpg,HerbaceousVegetation
5990.jpg,PermanentCrop
6000.jpg,SeaLake
6004.jpg,Highway
6021.jpg,Highway
6025.jpg,SeaLake
6031.jpg,Forest
6039.jpg,SeaLake
6042.jpg,Highway
6052.jpg,PermanentCrop
6060.jpg,Pasture
6065.jpg,HerbaceousVegetation
6074.jpg,Forest
6075.jpg,Residential
6079.jpg,Highway
6102.jpg,Residential
6123.jpg,Forest
6126.jpg,Highway
6136.jpg,Pasture
6138.jpg,HerbaceousVegetation
6143.jpg,Industrial
6145.jpg,PermanentCrop
6147.jpg,Industrial
6159.jpg,Highway
6163.jpg,PermanentCrop
6166.jpg,AnnualCrop
6183.jpg,Residential
6186.jpg,PermanentCrop
6188.jpg,SeaLake
6189.jpg,Pasture
6192.jpg,AnnualCrop
6196.jpg,Industrial
6209.jpg,HerbaceousVegetation
6212.jpg,River
6217.jpg,PermanentCrop
6224.jpg,River
6230.jpg,Highway
6233.jpg,Residential
6238.jpg,Forest
6240.jpg,HerbaceousVegetation
6241.jpg,SeaLake
6252.jpg,Highway
6261.jpg,Highway
6266.jpg,HerbaceousVegetation
6269.jpg,SeaLake
6270.jpg,River
6273.jpg,Industrial
6277.jpg,Highway
6278.jpg,Forest
6290.jpg,Pasture
6291.jpg,Forest
6292.jpg,HerbaceousVegetation
6293.jpg,Industrial
6296.jpg,AnnualCrop
6301.jpg,HerbaceousVegetation
6304.jpg,PermanentCrop
6305.jpg,Forest
6308.jpg,SeaLake
6310.jpg,HerbaceousVegetation
6312.jpg,Residential
6315.jpg,River
6320.jpg,Industrial
6321.jpg,Industrial
6326.jpg,Highway
6328.jpg,SeaLake
6332.jpg,Pasture
6334.jpg,SeaLake
6345.jpg,Highway
6348.jpg,HerbaceousVegetation
6349.jpg,HerbaceousVegetation
6350.jpg,Highway
6352.jpg,SeaLake
6366.jpg,Pasture
6374.jpg,SeaLake
6375.jpg,HerbaceousVegetation
6381.jpg,HerbaceousVegetation
6383.jpg,PermanentCrop
6385.jpg,Industrial
6388.jpg,Residential
6389.jpg,River
6390.jpg,HerbaceousVegetation
6393.jpg,Forest
6398.jpg,AnnualCrop
6405.jpg,SeaLake
6414.jpg,River
6420.jpg,Forest
6432.jpg,HerbaceousVegetation
6443.jpg,Highway
6461.jpg,PermanentCrop
6462.jpg,Forest
6474.jpg,SeaLake
6477.jpg,HerbaceousVegetation
6480.jpg,Industrial
6482.jpg,SeaLake
6484.jpg,Forest
6499.jpg,Residential
6504.jpg,Highway
6505.jpg,Residential
6517.jpg,Forest
6519.jpg,Pasture
6524.jpg,Residential
6545.jpg,AnnualCrop
6548.jpg,SeaLake
6549.jpg,Highway
6555.jpg,Highway
6558.jpg,Pasture
6563.jpg,Forest
6566.jpg,PermanentCrop
6567.jpg,HerbaceousVegetation
6569.jpg,Residential
6576.jpg,HerbaceousVegetation
6585.jpg,PermanentCrop
6587.jpg,Industrial
6593.jpg,Forest
6599.jpg,HerbaceousVegetation
6603.jpg,Residential
6607.jpg,Highway
6610.jpg,Pasture
6620.jpg,Pasture
6621.jpg,River
6622.jpg,River
6625.jpg,Forest
6628.jpg,SeaLake
6633.jpg,HerbaceousVegetation
6650.jpg,Highway
6657.jpg,AnnualCrop
6664.jpg,PermanentCrop
6671.jpg,HerbaceousVegetation
6673.jpg,Industrial
6683.jpg,SeaLake
6684.jpg,HerbaceousVegetation
6686.jpg,PermanentCrop
6689.jpg,Highway
6690.jpg,SeaLake
6697.jpg,SeaLake
6700.jpg,SeaLake
6703.jpg,Pasture
6706.jpg,HerbaceousVegetation
6707.jpg,Residential
6709.jpg,HerbaceousVegetation
6713.jpg,AnnualCrop
6724.jpg,Highway
6726.jpg,SeaLake
6728.jpg,Pasture
6732.jpg,River
6733.jpg,SeaLake
6734.jpg,SeaLake
6744.jpg,HerbaceousVegetation
6745.jpg,Industrial
6750.jpg,AnnualCrop
6753.jpg,HerbaceousVegetation
6758.jpg,Residential
6763.jpg,PermanentCrop
6770.jpg,Industrial
6777.jpg,Residential
6784.jpg,HerbaceousVegetation
6793.jpg,Industrial
6795.jpg,HerbaceousVegetation
6801.jpg,HerbaceousVegetation
6802.jpg,HerbaceousVegetation
6803.jpg,AnnualCrop
6805.jpg,PermanentCrop
6806.jpg,SeaLake
6811.jpg,HerbaceousVegetation
6819.jpg,Forest
6826.jpg,PermanentCrop
6830.jpg,HerbaceousVegetation
6831.jpg,HerbaceousVegetation
6833.jpg,HerbaceousVegetation
6834.jpg,HerbaceousVegetation
6839.jpg,AnnualCrop
6846.jpg,Forest
6849.jpg,Industrial
6873.jpg,River
6876.jpg,Highway
6879.jpg,PermanentCrop
6882.jpg,Pasture
6900.jpg,Industrial
6908.jpg,SeaLake
6918.jpg,PermanentCrop
6919.jpg,AnnualCrop
6936.jpg,Highway
6942.jpg,Pasture
6945.jpg,SeaLake
6953.jpg,Pasture
6963.jpg,HerbaceousVegetation
6964.jpg,River
6966.jpg,Residential
6968.jpg,HerbaceousVegetation
6977.jpg,Highway
6979.jpg,Forest
6981.jpg,HerbaceousVegetation
6985.jpg,Forest
6986.jpg,Highway
6987.jpg,HerbaceousVegetation
6992.jpg,SeaLake
7004.jpg,HerbaceousVegetation
7011.jpg,Pasture
7026.jpg,Forest
7027.jpg,HerbaceousVegetation
7030.jpg,River
7038.jpg,HerbaceousVegetation
7043.jpg,Highway
7051.jpg,Highway
7052.jpg,AnnualCrop
7053.jpg,SeaLake
7056.jpg,PermanentCrop
7066.jpg,Residential
7087.jpg,Residential
7090.jpg,Forest
7091.jpg,HerbaceousVegetation
7094.jpg,Industrial
7099.jpg,SeaLake
7102.jpg,Residential
7111.jpg,Forest
7129.jpg,Pasture
7139.jpg,Industrial
7145.jpg,Industrial
7149.jpg,SeaLake
7154.jpg,PermanentCrop
7155.jpg,HerbaceousVegetation
7156.jpg,Highway
7157.jpg,PermanentCrop
7162.jpg,HerbaceousVegetation
7163.jpg,HerbaceousVegetation
7164.jpg,Pasture
7173.jpg,Highway
7174.jpg,Pasture
7184.jpg,Forest
7186.jpg,River
7190.jpg,HerbaceousVegetation
7194.jpg,Industrial
7197.jpg,Highway
7199.jpg,Residential
7202.jpg,Highway
7203.jpg,SeaLake
7209.jpg,HerbaceousVegetation
7211.jpg,Industrial
7213.jpg,PermanentCrop
7215.jpg,Pasture
7224.jpg,AnnualCrop
7231.jpg,AnnualCrop
7232.jpg,HerbaceousVegetation
7237.jpg,Residential
7250.jpg,SeaLake
7262.jpg,AnnualCrop
7265.jpg,PermanentCrop
7268.jpg,River
7270.jpg,HerbaceousVegetation
7272.jpg,HerbaceousVegetation
7278.jpg,Highway
7279.jpg,Pasture
7280.jpg,Residential
7296.jpg,AnnualCrop
7303.jpg,Forest
7304.jpg,PermanentCrop
7306.jpg,Pasture
7316.jpg,Pasture
7318.jpg,Forest
7327.jpg,PermanentCrop
7328.jpg,Residential
7329.jpg,River
7332.jpg,PermanentCrop
7344.jpg,Highway
7345.jpg,HerbaceousVegetation
7355.jpg,AnnualCrop
7359.jpg,Pasture
7372.jpg,AnnualCrop
7375.jpg,Residential
7378.jpg,Industrial
7385.jpg,Pasture
7397.jpg,HerbaceousVegetation
7398.jpg,PermanentCrop
7399.jpg,SeaLake
7400.jpg,SeaLake
7401.jpg,Residential
7408.jpg,River
7412.jpg,AnnualCrop
7415.jpg,Highway
7424.jpg,Residential
7438.jpg,AnnualCrop
7447.jpg,Pasture
7448.jpg,PermanentCrop
7449.jpg,AnnualCrop
7454.jpg,HerbaceousVegetation
7464.jpg,Highway
7465.jpg,HerbaceousVegetation
7466.jpg,HerbaceousVegetation
7468.jpg,Highway
7474.jpg,HerbaceousVegetation
7492.jpg,Industrial
7500.jpg,SeaLake
7505.jpg,HerbaceousVegetation
7516.jpg,AnnualCrop
7520.jpg,HerbaceousVegetation
7524.jpg,Highway
7528.jpg,SeaLake
7530.jpg,Highway
7531.jpg,River
7535.jpg,River
7537.jpg,Industrial
7547.jpg,HerbaceousVegetation
7552.jpg,Highway
7553.jpg,Residential
7555.jpg,Industrial
7569.jpg,Industrial
7572.jpg,AnnualCrop
7576.jpg,HerbaceousVegetation
7577.jpg,River
7578.jpg,River
7580.jpg,AnnualCrop
7582.jpg,River
7585.jpg,Industrial
7601.jpg,Industrial
7606.jpg,SeaLake
7610.jpg,HerbaceousVegetation
7614.jpg,HerbaceousVegetation
7615.jpg,AnnualCrop
7622.jpg,Forest
7627.jpg,Industrial
7630.jpg,Industrial
7631.jpg,Residential
7633.jpg,SeaLake
7636.jpg,SeaLake
7645.jpg,Forest
7646.jpg,Forest
7648.jpg,Forest
7660.jpg,Industrial
7662.jpg,Highway
7667.jpg,Residential
7671.jpg,SeaLake
7672.jpg,AnnualCrop
7674.jpg,HerbaceousVegetation
7678.jpg,River
7679.jpg,SeaLake
7686.jpg,SeaLake
7689.jpg,SeaLake
7691.jpg,SeaLake
7705.jpg,HerbaceousVegetation
7706.jpg,Residential
7710.jpg,Forest
7716.jpg,River
7724.jpg,SeaLake
7730.jpg,AnnualCrop
7741.jpg,PermanentCrop
7742.jpg,HerbaceousVegetation
7752.jpg,Industrial
7764.jpg,Pasture
7765.jpg,SeaLake
7766.jpg,HerbaceousVegetation
7767.jpg,River
7769.jpg,Highway
7770.jpg,SeaLake
7774.jpg,Highway
7778.jpg,Pasture
7782.jpg,River
7784.jpg,Residential
7785.jpg,Forest
7786.jpg,River
7794.jpg,Residential
7797.jpg,PermanentCrop
7801.jpg,SeaLake
7806.jpg,Pasture
7814.jpg,AnnualCrop
7815.jpg,HerbaceousVegetation
7816.jpg,Residential
7822.jpg,Pasture
7826.jpg,Highway
7827.jpg,Forest
7836.jpg,Residential
7849.jpg,Pasture
7853.jpg,HerbaceousVegetation
7854.jpg,Pasture
7859.jpg,River
7865.jpg,Highway
7870.jpg,Forest
7871.jpg,Highway
7873.jpg,SeaLake
7878.jpg,Forest
7881.jpg,HerbaceousVegetation
7884.jpg,SeaLake
7887.jpg,Residential
7890.jpg,PermanentCrop
7892.jpg,SeaLake
7894.jpg,Residential
7920.jpg,Pasture
7924.jpg,Pasture
7933.jpg,SeaLake
7934.jpg,Industrial
7938.jpg,AnnualCrop
7946.jpg,Forest
7950.jpg,HerbaceousVegetation
7955.jpg,HerbaceousVegetation
7960.jpg,SeaLake
7964.jpg,HerbaceousVegetation
7965.jpg,AnnualCrop
7967.jpg,AnnualCrop
7968.jpg,Residential
7979.jpg,PermanentCrop
7986.jpg,Forest
7991.jpg,AnnualCrop
7995.jpg,Residential
7997.jpg,River
8005.jpg,Highway
8010.jpg,Industrial
8026.jpg,Industrial
8037.jpg,HerbaceousVegetation
8040.jpg,Residential
8041.jpg,River
8045.jpg,Forest
8063.jpg,River
8069.jpg,Highway
8074.jpg,Industrial
8078.jpg,Pasture
8079.jpg,AnnualCrop
8083.jpg,Forest
8105.jpg,Highway
8109.jpg,PermanentCrop
8113.jpg,Highway
8114.jpg,Pasture
8120.jpg,Pasture
8121.jpg,AnnualCrop
8129.jpg,SeaLake
8132.jpg,Forest
8135.jpg,Residential
8141.jpg,Forest
8143.jpg,Forest
8158.jpg,Industrial
8159.jpg,Industrial
8169.jpg,River
8170.jpg,Pasture
8171.jpg,HerbaceousVegetation
8174.jpg,Highway
8199.jpg,River
8212.jpg,PermanentCrop
8217.jpg,AnnualCrop
8219.jpg,SeaLake
8226.jpg,Industrial
8232.jpg,Residential
8236.jpg,Forest
8243.jpg,River
8256.jpg,Pasture
8265.jpg,HerbaceousVegetation
8269.jpg,SeaLake
8270.jpg,SeaLake
8272.jpg,Highway
8278.jpg,Industrial
8279.jpg,SeaLake
8288.jpg,Pasture
8293.jpg,SeaLake
8306.jpg,SeaLake
8310.jpg,Pasture
8315.jpg,AnnualCrop
8320.jpg,Industrial
8321.jpg,SeaLake
8325.jpg,River
8332.jpg,Residential
8333.jpg,Residential
8334.jpg,HerbaceousVegetation
8335.jpg,Residential
8338.jpg,SeaLake
8339.jpg,Industrial
8343.jpg,HerbaceousVegetation
8355.jpg,HerbaceousVegetation
8357.jpg,HerbaceousVegetation
8360.jpg,SeaLake
8363.jpg,Pasture
8366.jpg,Industrial
8367.jpg,Industrial
8374.jpg,PermanentCrop
8375.jpg,SeaLake
8391.jpg,Forest
8397.jpg,Industrial
8400.jpg,Forest
8406.jpg,Residential
8408.jpg,Forest
8418.jpg,Residential
8422.jpg,PermanentCrop
8432.jpg,Forest
8440.jpg,HerbaceousVegetation
8444.jpg,HerbaceousVegetation
8453.jpg,AnnualCrop
8454.jpg,Highway
8463.jpg,Pasture
8466.jpg,AnnualCrop
8470.jpg,Forest
8480.jpg,PermanentCrop
8482.jpg,PermanentCrop
8486.jpg,Industrial
8489.jpg,Residential
8495.jpg,Forest
8506.jpg,Highway
8517.jpg,SeaLake
8521.jpg,Residential
8532.jpg,SeaLake
8539.jpg,AnnualCrop
8541.jpg,AnnualCrop
8546.jpg,HerbaceousVegetation
8551.jpg,AnnualCrop
8553.jpg,Highway
8555.jpg,Highway
8557.jpg,AnnualCrop
8558.jpg,Forest
8560.jpg,River
8564.jpg,Residential
8570.jpg,Highway
8574.jpg,Residential
8578.jpg,Highway
8587.jpg,Residential
8602.jpg,AnnualCrop
8608.jpg,Forest
8610.jpg,Highway
8611.jpg,Residential
8621.jpg,PermanentCrop
8625.jpg,Industrial
8638.jpg,HerbaceousVegetation
8666.jpg,Forest
8673.jpg,Industrial
8676.jpg,HerbaceousVegetation
8680.jpg,SeaLake
8681.jpg,Pasture
8686.jpg,HerbaceousVegetation
8687.jpg,River
8705.jpg,Residential
8712.jpg,Highway
8713.jpg,Pasture
8714.jpg,River
8729.jpg,Forest
8730.jpg,Industrial
8742.jpg,Pasture
8749.jpg,HerbaceousVegetation
8756.jpg,Forest
8759.jpg,River
8760.jpg,SeaLake
8763.jpg,SeaLake
8766.jpg,Industrial
8770.jpg,Pasture
8773.jpg,Industrial
8775.jpg,River
8778.jpg,Pasture
8781.jpg,HerbaceousVegetation
8785.jpg,SeaLake
8786.jpg,Pasture
8788.jpg,Highway
8790.jpg,AnnualCrop
8793.jpg,Industrial
8795.jpg,AnnualCrop
8797.jpg,AnnualCrop
8805.jpg,SeaLake
8813.jpg,AnnualCrop
8820.jpg,SeaLake
8824.jpg,Forest
8834.jpg,Highway
8835.jpg,Residential
8842.jpg,HerbaceousVegetation
8848.jpg,PermanentCrop
8852.jpg,HerbaceousVegetation
8855.jpg,HerbaceousVegetation
8864.jpg,AnnualCrop
8868.jpg,AnnualCrop
8873.jpg,Highway
8875.jpg,River
8878.jpg,HerbaceousVegetation
8880.jpg,PermanentCrop
8888.jpg,PermanentCrop
8906.jpg,Residential
8908.jpg,SeaLake
8928.jpg,River
8929.jpg,Highway
8933.jpg,Residential
8937.jpg,HerbaceousVegetation
8938.jpg,HerbaceousVegetation
8940.jpg,Highway
8945.jpg,River
8946.jpg,Residential
8948.jpg,River
8951.jpg,Forest
8953.jpg,HerbaceousVegetation
8961.jpg,Industrial
8966.jpg,Forest
8976.jpg,River
9004.jpg,Residential
9007.jpg,River
9023.jpg,Pasture
9025.jpg,Highway
9026.jpg,AnnualCrop
9031.jpg,PermanentCrop
9033.jpg,River
9036.jpg,Forest
9038.jpg,Forest
9039.jpg,Forest
9042.jpg,Industrial
9043.jpg,AnnualCrop
9044.jpg,HerbaceousVegetation
9060.jpg,HerbaceousVegetation
9066.jpg,Pasture
9074.jpg,HerbaceousVegetation
9077.jpg,River
9081.jpg,HerbaceousVegetation
9086.jpg,Industrial
9100.jpg,River
9103.jpg,HerbaceousVegetation
9107.jpg,River
9121.jpg,Residential
9122.jpg,HerbaceousVegetation
9133.jpg,SeaLake
9136.jpg,Forest
9138.jpg,Industrial
9139.jpg,Forest
9147.jpg,River
9148.jpg,Forest
9155.jpg,Forest
9156.jpg,AnnualCrop
9159.jpg,PermanentCrop
9172.jpg,Pasture
9185.jpg,Highway
9197.jpg,HerbaceousVegetation
9199.jpg,AnnualCrop
9207.jpg,Residential
9216.jpg,Industrial
9219.jpg,Residential
9229.jpg,PermanentCrop
9231.jpg,Forest
9237.jpg,PermanentCrop
9244.jpg,SeaLake
9245.jpg,River
9250.jpg,HerbaceousVegetation
9258.jpg,HerbaceousVegetation
9263.jpg,HerbaceousVegetation
9270.jpg,AnnualCrop
9273.jpg,Highway
9275.jpg,HerbaceousVegetation
9277.jpg,PermanentCrop
9281.jpg,Pasture
9282.jpg,Industrial
9283.jpg,HerbaceousVegetation
9287.jpg,HerbaceousVegetation
9290.jpg,Forest
9291.jpg,Pasture
9299.jpg,PermanentCrop
9302.jpg,Forest
9306.jpg,Forest
9308.jpg,Residential
9309.jpg,Residential
9321.jpg,Highway
9326.jpg,AnnualCrop
9327.jpg,River
9333.jpg,River
9342.jpg,AnnualCrop
9344.jpg,Highway
9350.jpg,Pasture
9355.jpg,Highway
9361.jpg,River
9364.jpg,PermanentCrop
9367.jpg,Residential
9368.jpg,PermanentCrop
9381.jpg,PermanentCrop
9383.jpg,HerbaceousVegetation
9388.jpg,Residential
9391.jpg,Industrial
9410.jpg,HerbaceousVegetation
9416.jpg,Forest
9423.jpg,HerbaceousVegetation
9425.jpg,Residential
9429.jpg,HerbaceousVegetation
9431.jpg,Pasture
9432.jpg,Residential
9434.jpg,AnnualCrop
9441.jpg,Forest
9442.jpg,SeaLake
9451.jpg,AnnualCrop
9453.jpg,HerbaceousVegetation
9460.jpg,PermanentCrop
9461.jpg,HerbaceousVegetation
9463.jpg,HerbaceousVegetation
9480.jpg,Industrial
9508.jpg,Pasture
9514.jpg,PermanentCrop
9518.jpg,Pasture
9522.jpg,SeaLake
9527.jpg,Highway
9535.jpg,SeaLake
9536.jpg,PermanentCrop
9544.jpg,Highway
9550.jpg,HerbaceousVegetation
9564.jpg,HerbaceousVegetation
9566.jpg,AnnualCrop
9572.jpg,AnnualCrop
9573.jpg,Pasture
9575.jpg,AnnualCrop
9580.jpg,Residential
9582.jpg,Residential
9583.jpg,Pasture
9584.jpg,Highway
9591.jpg,Highway
9596.jpg,Pasture
9597.jpg,Residential
9600.jpg,Forest
9601.jpg,HerbaceousVegetation
9604.jpg,River
9609.jpg,AnnualCrop
9611.jpg,PermanentCrop
9613.jpg,Forest
9618.jpg,SeaLake
9621.jpg,Industrial
9622.jpg,AnnualCrop
9625.jpg,SeaLake
9630.jpg,HerbaceousVegetation
9631.jpg,Forest
9632.jpg,Industrial
9633.jpg,Industrial
9640.jpg,PermanentCrop
9650.jpg,AnnualCrop
9651.jpg,AnnualCrop
9658.jpg,Industrial
9661.jpg,AnnualCrop
9663.jpg,PermanentCrop
9664.jpg,Highway
9666.jpg,Industrial
9670.jpg,Forest
9675.jpg,Pasture
9679.jpg,Highway
9692.jpg,PermanentCrop
9699.jpg,Pasture
9701.jpg,PermanentCrop
9702.jpg,Residential
9705.jpg,AnnualCrop
9706.jpg,HerbaceousVegetation
9709.jpg,Highway
9715.jpg,SeaLake
9722.jpg,Highway
9723.jpg,Forest
9728.jpg,Highway
9734.jpg,HerbaceousVegetation
9736.jpg,HerbaceousVegetation
9738.jpg,River
9739.jpg,Pasture
9753.jpg,River
9758.jpg,Residential
9773.jpg,Forest
9776.jpg,SeaLake
9779.jpg,Forest
9783.jpg,Residential
9784.jpg,AnnualCrop
9790.jpg,Industrial
9793.jpg,River
9796.jpg,Highway
9800.jpg,River
9806.jpg,AnnualCrop
9808.jpg,Forest
9813.jpg,HerbaceousVegetation
9823.jpg,HerbaceousVegetation
9824.jpg,HerbaceousVegetation
9825.jpg,AnnualCrop
9827.jpg,Pasture
9828.jpg,Forest
9838.jpg,PermanentCrop
9842.jpg,Forest
9857.jpg,Forest
9859.jpg,Forest
9860.jpg,Industrial
9861.jpg,Residential
9863.jpg,Forest
9875.jpg,HerbaceousVegetation
9881.jpg,Residential
9882.jpg,Highway
9888.jpg,PermanentCrop
9898.jpg,HerbaceousVegetation
9902.jpg,HerbaceousVegetation
9909.jpg,Forest
9913.jpg,HerbaceousVegetation
9921.jpg,Forest
9929.jpg,River
9932.jpg,HerbaceousVegetation
9934.jpg,HerbaceousVegetation
9940.jpg,Pasture
9946.jpg,PermanentCrop
9947.jpg,Highway
9948.jpg,Industrial
9950.jpg,Forest
9953.jpg,Industrial
9968.jpg,AnnualCrop
9971.jpg,HerbaceousVegetation
9972.jpg,HerbaceousVegetation
9973.jpg,PermanentCrop
9983.jpg,Pasture
9984.jpg,SeaLake
9985.jpg,Highway
9987.jpg,HerbaceousVegetation
9991.jpg,SeaLake
9995.jpg,Pasture
9996.jpg,HerbaceousVegetation
